Model,Mean_RMSE,CI_Lower,CI_Upper
ridge,2.998,2.2540000000000004,4.0680000000000005
rfr,1.952,1.6900000000000002,2.194
lgbm,2.222,1.874,2.604
xgb,2.212,1.86,2.564
cat,2.12,1.738,2.532
